BookId,Titles,Urls,Authors
2010-14-1,EDITORIAL: Special Issue: Intelligent Vehicle Navigation (Part 2),https://www.tandfonline.com/doi/full/10.1080/15472450903385973," Mohammed A. Quddus , Washington Y. Ochieng , Hongchao Liu "
2010-14-1,"Intelligent Geolocalization in Urban Areas Using Global Positioning Systems, Three-Dimensional Geographic Information Systems, and Vision",https://www.tandfonline.com/doi/full/10.1080/15472450903385999," Cindy Cappelle , Maan El Badaoui El Najjar , Denis Pomorski , Fran??ois Charpillet "
2010-14-1,Methods to Detect Road Features for Video-Based In-Vehicle Navigation Systems,https://www.tandfonline.com/doi/full/10.1080/15472450903386005," Kyoung-Ho Choi , Soon-Young Park , Seong-Hoon Kim , Ki-Sung Lee , Jeong-Ho Park , Seong-Ik Cho , Jong-Hyun Park "
2010-14-1,Development and Application of an Enhanced Kalman Filter and Global Positioning System Error-Correction Approach for Improved Map-Matching,https://www.tandfonline.com/doi/full/10.1080/15472450903386013," Hao Xu , Hongchao Liu , Chin-Woo Tan , Yuanlu Bao "
2010-14-1,Defining a Freeway Mobility Index for Roadway Navigation,https://www.tandfonline.com/doi/full/10.1080/15472450903386021," Weihua Zhu , Kanok Boriboonsomsin , Matthew Barth "
2010-14-2,15th Intelligent Transportation Systems World Congress,https://www.tandfonline.com/doi/full/10.1080/15472451003738194, Mashrur Chowdhury 
2010-14-2,Performance Evaluation of Travel-Time Estimation Methods for Real-Time Traffic Applications,https://www.tandfonline.com/doi/full/10.1080/15472451003719699," Xuegang Jeff Ban , Yuwei Li , Alexander Skabardonis , J. D. Margulici "
2010-14-2,Multiclass Cell Transmission Model for Heterogeneous Mobility in General Topology of Road Network,https://www.tandfonline.com/doi/full/10.1080/15472451003719715," Kamonthep Tuerprasert , Chaodit Aswakul "
2010-14-2,An Investigation of the Application of Stratified Sampling in Probe-Based Traffic-Monitoring Systems,https://www.tandfonline.com/doi/full/10.1080/15472451003719723," Hema Tanikella , Brian L. Smith "
2010-14-2,Optimization of Control Parameters for Adaptive Traffic-Actuated Signal Control,https://www.tandfonline.com/doi/full/10.1080/15472451003719756," Xing Zheng , Will Recker , Lianyu Chu "
2010-14-2,Comparative Evaluation of Adaptive Traffic Control System Assessments Through Field and Microsimulation,https://www.tandfonline.com/doi/full/10.1080/15472451003719764," Cameron Kergaye , Aleksandar Stevanovic , Peter T. Martin "
2010-14-3,"Editorial: Transport, Risk, and Individual Choices",https://www.tandfonline.com/doi/full/10.1080/15472450.2010.484737," Andr?? De Palma , Nathalie Picard "
2010-14-3,Transport Infrastructure Investment and Demand Uncertainty,https://www.tandfonline.com/doi/full/10.1080/15472450.2010.484740," Stef Proost , Saskia van der Loo "
2010-14-3,Flexibility of Transport Choice in a Real-Option Setting: An Experimental Case Study,https://www.tandfonline.com/doi/full/10.1080/15472450.2010.484742," Laurent Denant-Bo??mont , Sabrina Hammiche "
2010-14-3,The Value of Travel Information: A Search-Theoretic Approach,https://www.tandfonline.com/doi/full/10.1080/15472450.2010.484746," Caspar G. Chorus , Joan L. Walker , Moshe E. Ben-Akiva "
2010-14-3,Attitude Toward Risk of Time Loss in Travel Activity and Air Route Choices,https://www.tandfonline.com/doi/full/10.1080/15472450.2010.484749, M. De Lapparent 
2010-14-3,A Moment of Time: Reliability in Route Choice Using Stated Preference,https://www.tandfonline.com/doi/full/10.1080/15472450.2010.484751," Nebiyou Y. Tilahun , David M. Levinson "
2010-14-3,Risk-Averse Autonomous Route Guidance by a Constrained A* Search,https://www.tandfonline.com/doi/full/10.1080/15472450.2010.484753," Yanyan Chen , Michael G. H. Bell , Klaus Bogenberger "
2010-14-4,The Impact of a Congestion Assistant on Traffic Flow Efficiency and Safety in Congested Traffic Caused by a Lane Drop,https://www.tandfonline.com/doi/full/10.1080/15472450.2010.516226," Cornelie J. G. Van Driel , Bart Van Arem "
2010-14-4,A Hybrid Tree Approach to Modeling Alternate Route Choice Behavior With Online Information,https://www.tandfonline.com/doi/full/10.1080/15472450.2010.516229," Chanyoung Lee , Bin Ran , Fan Yang , Wei-Yin Loh "
2010-14-4,Optimal Assignment of Emergency Response Service Units With Time-Dependent Service Demand and Travel Time,https://www.tandfonline.com/doi/full/10.1080/15472450.2010.516232," Ruey Long Cheu , Hao Lei , Raed Aldouri "
2010-14-4,Trip Travel-Time Reliability: Issues and Proposed Solutions,https://www.tandfonline.com/doi/full/10.1080/15472450.2010.517477," Hesham Rakha , Ihab El-Shawarby , Mazen Arafeh "
2011-15-1,Bayesian Models for Reidentification of Trucks Over Long Distances on the Basis of Axle Measurement Data,https://www.tandfonline.com/doi/full/10.1080/15472450.2011.544571," Mecit Cetin , Christopher M. Monsere , Andrew P. Nichols "
2011-15-1,Expert Knowledge-Guided Travel Demand Estimation: Neuro-Fuzzy Approach,https://www.tandfonline.com/doi/full/10.1080/15472450.2011.544576," Seyedehsan Seyedabrishami , Yousef Shafahi "
2011-15-1,A Geographic Information System-Based Real-Time Decision Support Framework for Routing Vehicles Carrying Hazardous Materials,https://www.tandfonline.com/doi/full/10.1080/15472450.2011.544584," Minseok Kim , Elise Miller-Hooks , Rahul Nair "
2011-15-1,Effect of Pavement Marking Retroreflectivity on the Performance of Vision-Based Lane Departure Warning Systems,https://www.tandfonline.com/doi/full/10.1080/15472450.2011.544587," Mohammed Hadi , Prasoon Sinha "
2011-15-1,Two Simplified Intelligent Transportation System-Based Lane Management Strategies for Short-Term Work Zones,https://www.tandfonline.com/doi/full/10.1080/15472450.2011.544589," Rami Harb , Essam Radwan , Mohamed Abdel-Aty , Xiaogang Su "
2011-15-2,Large-Scale Freeway Network Traffic Monitoring: A Map-Matching Algorithm Based on Low-Logging Frequency GPS Probe Data,https://www.tandfonline.com/doi/full/10.1080/15472450.2011.570103," Wei Wang , Jing Jin , Bin Ran , Xiucheng Guo "
2011-15-2,An Integrated Framework to Predict Bus Travel Time and Its Variability Using Traffic Flow Data,https://www.tandfonline.com/doi/full/10.1080/15472450.2011.570109," Ehsan Mazloumi , Geoff Rose , Graham Currie , Majid Sarvi "
2011-15-2,Operation Analysis of the Electronic Screening System at a Commercial Vehicle Weigh Station,https://www.tandfonline.com/doi/full/10.1080/15472450.2011.570111," Jinwoo Lee , Garland Chow "
2011-15-2,A Multistep Corridor Travel-Time Prediction Method Using Presence-Type Vehicle Detector Data,https://www.tandfonline.com/doi/full/10.1080/15472450.2011.570114," Jingxin Xia , Mei Chen , Wei Huang "
2011-15-3,An Optimal Investment Scheduling Framework for Intelligent Transportation Systems Architecture,https://www.tandfonline.com/doi/full/10.1080/15472450.2011.594669," Faramak Zandi , Madjid Tavana "
2011-15-3,Intelligent Distributed Surveillance System for People Reidentification in a Transportation Environment,https://www.tandfonline.com/doi/full/10.1080/15472450.2011.594672," Dung Nghi Truong Cong , Louahdi Khoudour , Catherine Achard , Jean-Luc Bruyelle "
2011-15-3,Wireless Communication Alternatives for Intelligent Transportation Systems: A Case Study,https://www.tandfonline.com/doi/full/10.1080/15472450.2011.594681," Yan Zhou , Glenn Hamilton Evans Jr. , Mashrur Chowdhury , Kuang-Ching Wang , Ryan Fries "
2011-15-3,Effect of Transport Models on Connectivity of Interbus Communication Networks,https://www.tandfonline.com/doi/full/10.1080/15472450.2011.594691," Ivan Wang-Hei Ho , Robin J. North , John W. Polak , Kin K. Leung "
2011-15-4,An Optimized Content Replication and Distribution Framework for Vehicular Networks,https://www.tandfonline.com/doi/full/10.1080/15472450.2011.620474," Luca Caviglione , Cristiano Cervellera "
2011-15-4,Synthetic Fuzzy Evaluation Method of Trajectory Similarity in Map-Matching,https://www.tandfonline.com/doi/full/10.1080/15472450.2011.620478," Diange Yang , Tao Zhang , Jiangtao Li , Xiaomin Lian "
2011-15-4,Link Flow Estimation in Traffic Networks on the Basis of Link Flow Observations,https://www.tandfonline.com/doi/full/10.1080/15472450.2011.620487," Enrique Castillo , Inmaculada Gallego , Jos?? Mar??a Men??ndez , Pilar Jim??nez "
2011-15-4,A Quasi-Dynamic Robust Control Scheme for Signalized Intersections,https://www.tandfonline.com/doi/full/10.1080/15472450.2011.620490," Wei-Hua Lin , Hong K. Lo , Lin Xiao "
2011-15-4,Editorial Board EOV,https://www.tandfonline.com/doi/full/10.1080/15472450.2011.625316," Ana L. C. Bazzan , M. de Brito do Amarante , F. B. Da Costa "
2012-16-1,Management of Demand and Routing in Autonomous Personal Transportation,https://www.tandfonline.com/doi/full/10.1080/15472450.2012.639635," Yang Cheng , Xiao Qin , Jing Jin , Bin Ran "
2012-16-1,An Exploratory Shockwave Approach to Estimating Queue Length Using Probe Trajectories,https://www.tandfonline.com/doi/full/10.1080/15472450.2012.639637," Sara Moridpour , Majid Sarvi , Geoff Rose , Ehsan Mazloumi "
2012-16-1,Lane-Changing Decision Model for Heavy Vehicle Drivers,https://www.tandfonline.com/doi/full/10.1080/15472450.2012.639640, Andreas Tapani 
2012-16-1,Vehicle Trajectory Effects of Adaptive Cruise Control,https://www.tandfonline.com/doi/full/10.1080/15472450.2012.639641," Hamideh Etemadnia , Khaled Abdelghany , Salim Hariri "
2012-16-2,Toward an Autonomic Architecture for Real-Time Traffic Network Management,https://www.tandfonline.com/doi/full/10.1080/15472450.2012.671706," Jing-Quan Li , Kun Zhou , Liping Zhang , Wei-Bin Zhang "
2012-16-2,A Multimodal Trip Planning System With Real-Time Traffic and Transit Information,https://www.tandfonline.com/doi/full/10.1080/15472450.2012.671708," Swaroop Darbha , Woosuk Choi "
2012-16-2,A Methodology for Assessing the Benefits of Coordination on the Safety of Vehicles,https://www.tandfonline.com/doi/full/10.1080/15472450.2012.671709," Patikhom Cheevarunothai , Guohui Zhang , Jianyang Zheng , Yinhai Wang , Shi An "
2012-16-2,Using Precise Time Offset to Improve Freeway Vehicle Delay Estimates,https://www.tandfonline.com/doi/full/10.1080/15472450.2012.671711," Jose Luis Espinosa-Aranda , Ricardo Garc??a-R??denas "
2012-16-2,A Discrete Event-Based Simulation Model for Real-Time Traffic Management in Railways,https://www.tandfonline.com/doi/full/10.1080/15472450.2012.671713," Eleni I. Vlahogianni , Matthew G. Karlaftis , Foteini P. Orfanou "
2012-16-3,Modeling the Effects of Weather and Traffic on the Risk of Secondary Incidents,https://www.tandfonline.com/doi/full/10.1080/15472450.2012.688384," Jun-Seok Oh , Hyunmyung Kim , R. Jayakrishnan "
2012-16-3,Tourist Activity Simulation Model for Assessing Real-Time Tour Information Systems,https://www.tandfonline.com/doi/full/10.1080/15472450.2012.688388," Hany M. Hassan , Mohamed A. Abdel-Aty , Keechoo Choi , Saad A. Algadhi "
2012-16-3,Driver Behavior and Preferences for Changeable Message Signs and Variable Speed Limits in Reduced Visibility Conditions,https://www.tandfonline.com/doi/full/10.1080/15472450.2012.691842," Nagendra R. Velaga , Mohammed A. Quddus , Abigail L. Bristow "
2012-16-3,Improving the Performance of a Topological Map-Matching Algorithm Through Error Detection and Correction,https://www.tandfonline.com/doi/full/10.1080/15472450.2012.691852," Weihao Yin , Pamela Murray-Tuite , Hesham Rakha "
2012-16-3,Imputing Erroneous Data of Single-Station Loop Detectors for Nonincident Conditions: Comparison Between Temporal and Spatial Methods,https://www.tandfonline.com/doi/full/10.1080/15472450.2012.694788," Jeffrey S. Hickman , Feng Guo , Richard J. Hanowski , Richard Bishop , Gene Bergoffen , Dan Murray "
2012-16-4,Safety Benefits of Speed Limiters in Commercial Motor Vehicles Using Carrier-Collected Crash Data,https://www.tandfonline.com/doi/full/10.1080/15472450.2012.704340," Yunteng Lao , Guohui Zhang , Jonathan Corey , Yinhai Wang "
2012-16-4,Gaussian Mixture Model-Based Speed Estimation and Vehicle Classification Using Single-Loop Measurements,https://www.tandfonline.com/doi/full/10.1080/15472450.2012.706196," Gideon Mbiydzenyuy , Jan A. Persson , Paul Davidsson "
2012-16-4,Optimization Analysis of Multiservice Architecture Concepts in Road Transport Telematics,https://www.tandfonline.com/doi/full/10.1080/15472450.2012.710159," Yichang Tsai , Thibaut Dusanter , Yiching Wu , Chengbo Ai , Quentin Ca??tucoli "
2012-16-4,Automatic Truck Processing Time Extraction at Marine Container Terminal Gates Using Low-Frame-Rate Images,https://www.tandfonline.com/doi/full/10.1080/15472450.2012.710156," Bin Ran , Peter J. Jin , David Boyce , Tony Z. Qiu , Yang Cheng "
2012-16-4,Perspectives on Future Transportation Research: Impact of Intelligent Transportation System Technologies on Next-Generation Transportation Modeling,https://www.tandfonline.com/doi/full/10.1080/15472450.2012.710158," Konstantina Gkritza , Matthew G. Karlaftis "
2012-16-4,EOV Editorial Board,https://www.tandfonline.com/doi/full/10.1080/15472450.2012.728083," Jorge Bandeira , Tiago G. Almeida , Asad J. Khattak , Nagui M. Rouphail , Margarida C. Coelho "
2013-17-1,Intelligent Transportation Systems Applications for the Environment and Energy Conservation (Part 1),https://www.tandfonline.com/doi/full/10.1080/15472450.2013.747826," Liya Guo , Shan Huang , Adel W. Sadek "
2013-17-1,Generating Emissions Information for Route Selection: Experimental Monitoring and Routes Characterization,https://www.tandfonline.com/doi/full/10.1080/15472450.2012.706197," Haitao Xia , Kanok Boriboonsomsin , Matthew Barth "
2013-17-1,An Evaluation of Environmental Benefits of Time-Dependent Green Routing in the Greater Buffalo?€?Niagara Region,https://www.tandfonline.com/doi/full/10.1080/15472450.2012.704336," Enjian Yao , Yuanyuan Song "
2013-17-1,Dynamic Eco-Driving for Signalized Arterial Corridors and Its Indirect Network-Wide Energy/Emissions Benefits,https://www.tandfonline.com/doi/full/10.1080/15472450.2012.712494," Sushant Sharma , Sabyasachee Mishra "
2013-17-1,Study on Eco-Route Planning Algorithm and Environmental Impact Assessment,https://www.tandfonline.com/doi/full/10.1080/15472450.2013.747822," Luc Wismans , Eric Van Berkum , Michiel Bliemer "
2013-17-1,Intelligent Transportation Systems-Enabled Optimal Emission Pricing Models for Reducing Carbon Footprints in a Bimodal Network,https://www.tandfonline.com/doi/full/10.1080/15472450.2012.708618," F. Soriguera , J. M. Torn?? , D. Rosas "
2013-17-1,Effects of Optimizing Externalities Using Cooperating Dynamic Traffic Management Measures on Network Level,https://www.tandfonline.com/doi/full/10.1080/15472450.2012.716639," Rami Puzis , Yaniv Altshuler , Yuval Elovici , Shlomo Bekhor , Yoram Shiftan , Alex (Sandy) Pentland "
2013-17-1,Assessment of Dynamic Speed Limit Management on Metropolitan Freeways,https://www.tandfonline.com/doi/full/10.1080/15472450.2012.719455," Ali Haghani , Masoud Hamedi "
2013-17-1,Augmented Betweenness Centrality for Environmentally Aware Traffic Monitoring in Transportation Networks,https://www.tandfonline.com/doi/full/10.1080/15472450.2012.716663," Montasir Abbas , Lakshmi Rajasekhar , Asmita Gharat , John Paul Dunning "
2013-17-2,"Application of Bluetooth Technology in Traffic Detection, Surveillance, and Traffic Management",https://www.tandfonline.com/doi/full/10.1080/15472450.2013.786960," J. Barcel?? , L. Montero , M. Bullejos , O. Serch , C. Carmona "
2013-17-2,Microscopic Modeling of Control Delay at Signalized Intersections Based on Bluetooth Data,https://www.tandfonline.com/doi/full/10.1080/15472450.2013.784653," J. David Porter , David S. Kim , Mario E. Maga??a , Panupat Poocharoen , Carlos Antar Gutierrez Arriaga "
2013-17-2,A Kalman Filter Approach for Exploiting Bluetooth Traffic Data When Estimating Time-Dependent OD Matrices,https://www.tandfonline.com/doi/full/10.1080/15472450.2013.764793," Chris Bachmann , Matthew J. Roorda , Baher Abdulhai , Behzad Moshiri "
2013-17-2,Antenna Characterization for Bluetooth-Based Travel Time Data Collection,https://www.tandfonline.com/doi/full/10.1080/15472450.2012.696452," Wenxin Qiao , Ali Haghani , Masoud Hamedi "
2013-17-2,Fusing a Bluetooth Traffic Monitoring System With Loop Detector Data for Improved Freeway Traffic Speed Estimation,https://www.tandfonline.com/doi/full/10.1080/15472450.2012.696449," Konstantina Gkritza , Matthew G. Karlaftis "
2013-17-2,A Nonparametric Model for Short-Term Travel Time Prediction Using Bluetooth Data,https://www.tandfonline.com/doi/full/10.1080/15472450.2012.748555," Shin-Ting (Cindy) Jeng , K. S. Nesamani , Stephen G. Ritchie "
2013-17-3,Intelligent Transportation Systems Applications for the Environment and Energy Conservation (Part 2),https://www.tandfonline.com/doi/full/10.1080/15472450.2013.814338," Alexander Skabardonis , Nikolas Geroliminis , Eleni Christofa "
2013-17-3,A New Approach to Estimate Vehicle Emissions Using Inductive Loop Detector Data,https://www.tandfonline.com/doi/full/10.1080/15472450.2012.712495," Jinpeng Lv , Yunlong Zhang , Joe Zietsman "
2013-17-3,Prediction of Vehicle Activity for Emissions Estimation Under Oversaturated Conditions Along Signalized Arterials,https://www.tandfonline.com/doi/full/10.1080/15472450.2012.704338," Mo Zhao , Anuj Sharma , Dave G. Bernt , Joshua A. Meyer , Benjamin Dickey , Scott Rosenbaugh , Elizabeth Jones , Laurence Rilett "
2013-17-3,Investigating Emission Reduction Benefit From Intersection Signal Optimization,https://www.tandfonline.com/doi/full/10.1080/15472450.2012.716670," Steven Lavrenz , Konstantina Gkritza "
2013-17-3,Economic Analysis of Using a Renewable Wind Power System at a Signalized Intersection,https://www.tandfonline.com/doi/full/10.1080/15472450.2012.716641," A. Garc??a-??lvarez , P. J. P??rez-Mart??nez , I. Gonz??lez-Franco "
2013-17-3,Environmental and Energy Impacts of Automated Electric Highway Systems,https://www.tandfonline.com/doi/full/10.1080/15472450.2012.716651," Arne H??ltl , Stefan Trommer "
2013-17-3,Energy Consumption and Carbon Dioxide Emissions in Rail and Road Freight Transport in Spain: A Case Study of Car Carriers and Bulk Petrochemicals,https://www.tandfonline.com/doi/full/10.1080/15472450.2012.719456," Pradeep Rayaprolu , Sherif Ishak , Yan Qi , Brian Wolshon "
2013-17-3,Driver Assistance Systems for Transport System Efficiency: Influencing Factors on User Acceptance,https://www.tandfonline.com/doi/full/10.1080/15472450.2012.716646," Rodrigo C. Carlson , Ioannis Papamichail , Markos Papageorgiou "
2013-17-4,Operational Assessment of Joint and Conventional Lane Merge Configurations for Freeway Work Zones,https://www.tandfonline.com/doi/full/10.1080/15472450.2012.707052," Wanjing Ma , Yue Liu , Xiaoguang Yang "
2013-17-4,Comparison of Local Feedback Controllers for the Mainstream Traffic Flow on Freeways Using Variable Speed Limits,https://www.tandfonline.com/doi/full/10.1080/15472450.2012.721330," Bart Saerens , Hesham Rakha , Kyoungho Ahn , Eric Van Den Bulck "
2013-17-4,A Dynamic Programming Approach for Optimal Signal Priority Control Upon Multiple High-Frequency Bus Requests,https://www.tandfonline.com/doi/full/10.1080/15472450.2012.729380," Jianyang Zheng , Xiaolei Ma , Yao-Jan Wu , Yinhai Wang "
2013-17-4,Assessment of Alternative Polynomial Fuel Consumption Models for Use in Intelligent Transportation Systems Applications,https://www.tandfonline.com/doi/full/10.1080/15472450.2013.764801," Dali Wei , Hongchao Liu "
2013-17-4,Measuring Signalized Intersection Performance in Real-Time With Traffic Sensors,https://www.tandfonline.com/doi/full/10.1080/15472450.2013.771105," Enrique Castillo , Mar??a Nogal , Aida Calvi??o , Ana Rivas , Hong K. Lo "
2013-17-4,An Adaptive-Margin Support Vector Regression for Short-Term Traffic Flow Forecast,https://www.tandfonline.com/doi/full/10.1080/15472450.2013.771107," Francesco Viti , Chris Tamp??re "
2013-17-4,A Model for Continuous Dynamic Network Loading Problem with Different Overtaking Class Users,https://www.tandfonline.com/doi/full/10.1080/15472450.2013.842106," Chiara Colombaroni , Gaetano Fusco "
2013-17-4,EOV Editorial Board,https://www.tandfonline.com/doi/full/10.1080/15472450.2013.868764," Luc Wismans , Eric Van Berkum , Michiel Bliemer "
2014-18-1,Editorial: Models and Technologies for Intelligent Transportation Systems: New Challenges and Metaheuristic Solutions for Large-Scale Network Applications,https://www.tandfonline.com/doi/full/10.1080/15472450.2013.774678," Gennaro Nicola Bifulco , Giulio Erberto Cantarella , Fulvio Simonelli "
2014-18-1,Artificial Neural Network Models for Car Following: Experimental Analysis and Calibration Issues,https://www.tandfonline.com/doi/full/10.1080/15472450.2013.801717," Yufei Yuan , Hans Van Lint , Femke Van Wageningen-Kessels , Serge Hoogendoorn "
2014-18-1,Acceleration of Solving the Dynamic Multi-Objective Network Design Problem Using Response Surface Methods,https://www.tandfonline.com/doi/full/10.1080/15472450.2013.773250," Rodric Frederix , Francesco Viti , Willem W. E. Himpe , Chris M. J. Tamp??re "
2014-18-1,Design of Signal Setting and Advanced Traveler Information Systems,https://www.tandfonline.com/doi/full/10.1080/15472450.2013.802156," Willem W. E. Himpe , Chris M. J. Tamp??re , Bieke Moelans "
2014-18-1,Network-Wide Traffic State Estimation Using Loop Detector and Floating Car Data,https://www.tandfonline.com/doi/full/10.1080/15472450.2013.773225," Fangfang Zheng , Henk Van Zuylen "
2014-18-1,Dynamic Origin?€?Destination Matrix Estimation on Large-Scale Congested Networks Using a Hierarchical Decomposition Scheme,https://www.tandfonline.com/doi/full/10.1080/15472450.2013.773249," Giovanni Luca Giacco , Andrea D?€?Ariano , Dario Pacciarelli "
2014-18-1,A Parsimonious Method for Offline Freeway Travel Time Estimation From Sectional Speed Detectors,https://www.tandfonline.com/doi/full/10.1080/15472450.2013.802152," Francesco Corman , Andrea D?€?Ariano , Ingo A. Hansen "
2014-18-1,The Development and Calibration of a Model for Urban Travel Time Distributions,https://www.tandfonline.com/doi/full/10.1080/15472450.2013.802155," Giovanni Andreatta , Lorenzo Capanna , Luigi De Giovanni , Michele Monaci , Luca Righi "
2014-18-1,Rolling Stock Rostering Optimization Under Maintenance Constraints,https://www.tandfonline.com/doi/full/10.1080/15472450.2013.801712,"Manwo Ng,Kanthimathi Sathasivan"
2014-18-1,Evaluating Disturbance Robustness of Railway Schedules,https://www.tandfonline.com/doi/full/10.1080/15472450.2013.801714,"Benjamin Coifman,Srikanth Neelisetty"
2014-18-1,Efficiency and Robustness in a Support Platform for Intelligent Airport Ground Handling,https://www.tandfonline.com/doi/full/10.1080/15472450.2013.802160,"Mark Richard Wilby,Juan Jos?? Vinagre D??az,Ana Bel??n Rodr??guez Gonz??lez,Miguel ??ngel Sotelo"
2014-18-2,Probabilistic Modeling of Erroneous Human Response to In-Vehicle Route Guidance Systems: A First Look,https://www.tandfonline.com/doi/full/10.1080/15472450.2013.785327,"Rui Guo,Yu Zhang"
2014-18-2,Improved Speed Estimation From Single-Loop Detectors With High Truck Flow,https://www.tandfonline.com/doi/full/10.1080/15472450.2013.801708,"Fumitaka Kurauchi,Toshio Yoshii"
2014-18-2,Lightweight Occupancy Estimation on Freeways Using Extended Floating Car Data,https://www.tandfonline.com/doi/full/10.1080/15472450.2013.801711,"Bi Yu Chen,William H. K. Lam,Agachai Sumalee,Qingquan Li,Mei Lam Tam"
2014-18-2,Identifying Time-of-Day Breakpoints Based on Nonintrusive Data Collection Platforms,https://www.tandfonline.com/doi/full/10.1080/15472450.2013.802151,"JinYoung Kim,Fumitaka Kurauchi,Nobuhiro Uno,Takeshi Hagihara,Takehiko Daito"
2014-18-2,Special Section on Dynamic Traffic Assignment: A Tool for Evaluating and Assessing Dynamic Traffic Management Schemes,https://www.tandfonline.com/doi/full/10.1080/15472450.2013.823822,"Gunnar Fl??tter??d,Ronghui Liu"
2014-18-2,Reliable Shortest Path Problems in Stochastic Time-Dependent Networks,https://www.tandfonline.com/doi/full/10.1080/15472450.2013.806851,"Mitsuhisa Tanaka,Nobuhiro Uno,Yasuhiro Shiomi,Yoongho Ahn"
2014-18-2,Using Electronic Toll Collection Data to Understand Traffic Demand,https://www.tandfonline.com/doi/full/10.1080/15472450.2013.806858,"Samah El-Tantawy,Baher Abdulhai,Hossam Abdelgawad"
2014-18-2,Disaggregate Path Flow Estimation in an Iterated Dynamic Traffic Assignment Microsimulation,https://www.tandfonline.com/doi/full/10.1080/15472450.2013.806854,"Qi Wang,Zhiheng Li,Li Li"
2014-18-2,Experimental Study of Effects of Travel Time Distribution Information on Dynamic Route Choice Behavior,https://www.tandfonline.com/doi/full/10.1080/15472450.2013.806847,"Runze Yu,Yunteng Lao,Xiaolei Ma,Yinhai Wang"
2014-18-3,Design of Reinforcement Learning Parameters for Seamless Application of Adaptive Traffic Signal Control,https://www.tandfonline.com/doi/full/10.1080/15472450.2013.810991,"Young-Ji Byon,Steve Liang"
2014-18-3,Investigation of Discretionary Lane-Change Characteristics Using Next-Generation Simulation Data Sets,https://www.tandfonline.com/doi/full/10.1080/15472450.2013.810994,"Xin Zhang,Gang-Len Chang"
2014-18-3,Short-Term Traffic Flow Forecasting for Freeway Incident-Induced Delay Estimation,https://www.tandfonline.com/doi/full/10.1080/15472450.2013.824757,"Hassan A. Karimi,Duangduen Asavasuthirakul"
2014-18-3,Real-Time Transportation Mode Detection Using Smartphones and Artificial Neural Networks: Performance Comparisons Between Smartphones and Conventional Global Positioning System Sensors,https://www.tandfonline.com/doi/full/10.1080/15472450.2013.824762,"Gon??alo Homem De Almeida Correia,Diana Ramos Jorge,David Marques Antunes"
2014-18-3,An Optimization Model for Guiding Pedestrian?€?Vehicle Mixed Flows During an Emergency Evacuation,https://www.tandfonline.com/doi/full/10.1080/15472450.2013.824763,"Chung-Cheng Lu,Xuesong Zhou"
2014-18-3,A Novel Optimal Routing for Navigation Systems/Services Based on Global Navigation Satellite System Quality of Service,https://www.tandfonline.com/doi/full/10.1080/15472450.2013.836927,W. Y. Szeto
2014-18-3,"The Added Value of Accounting For Users?€? Flexibility and Information on the Potential of a Station-Based One-Way Car-Sharing System: An Application in Lisbon, Portugal",https://www.tandfonline.com/doi/full/10.1080/15472450.2013.836928,"Rodrigo Mesa-Arango,Satish V. Ukkusuri"
2014-18-3,Short-Term Highway Traffic State Prediction Using Structural State Space Models,https://www.tandfonline.com/doi/full/10.1080/15472450.2013.836929,"Ye Tian,Yi-Chang Chiu"
2014-18-4,Dynamic Modeling for Intelligent Transportation System Applications,https://www.tandfonline.com/doi/full/10.1080/15472450.2013.834770,"Yu-Chiun Chiou,Lawrence W. Lan,Chun-Ming Tseng"
2014-18-4,Modeling the Car-Truck Interaction in a System-Optimal Dynamic Traffic Assignment Model,https://www.tandfonline.com/doi/full/10.1080/15472450.2013.806846,"Asha Anand,Gitakrishnan Ramadurai,Lelitha Vanajakshi"
2014-18-4,"A Variable Time-Discretization Strategies-Based, Time-Dependent Shortest Path Algorithm for Dynamic Traffic Assignment",https://www.tandfonline.com/doi/full/10.1080/15472450.2013.806753,"Ding Liu,William H. K. Lam"
2014-18-4,A Novel Method to Predict Traffic Features Based on Rolling Self-Structured Traffic Patterns,https://www.tandfonline.com/doi/full/10.1080/15472450.2013.806764,"Treerapot Siripirote,Agachai Sumalee,David P. Watling,Hu Shao"
2014-18-4,Data Fusion-Based Traffic Density Estimation and Prediction,https://www.tandfonline.com/doi/full/10.1080/15472450.2013.806844,"Wilfredo F. Yushimito,Xuegang (Jeff) Ban,Jos?? Holgu??n-Veras"
2014-18-4,Modeling the Effects of Population Density on Prospect Theory-Based Travel Mode-Choice Equilibrium,https://www.tandfonline.com/doi/full/10.1080/15472450.2013.806745,"Bidisha Ghosh,Damien P. Smith"
2014-18-4,Updating of Travel Behavior Model Parameters and Estimation of Vehicle Trip Chain Based on Plate Scanning,https://www.tandfonline.com/doi/full/10.1080/15472450.2013.806761,"Matteo Vasirani,Franziska Kl??gl,Eduardo Camponogara,Hiromitsu Hattori"
2014-18-4,A Two-Stage Optimization Model for Staggered Work Hours,https://www.tandfonline.com/doi/full/10.1080/15472450.2013.806736,"Petr Kalina,Ji???? Vok????nek,Vladim??r Ma????k"
2014-18-4,Customization of Automatic Incident Detection Algorithms for Signalized Urban Arterials,https://www.tandfonline.com/doi/full/10.1080/15472450.2013.806843,"Avi Rosenfeld,Zevi Bareket,Claudia V. Goldman,David J. LeBlanc,Omer Tsimhoni"
2014-18-4,EOV Editorial Board,https://www.tandfonline.com/doi/full/10.1080/15472450.2014.969158,"Giuseppe Vizzari,Lorenza Manenti,Kazumichi Ohtsuka,Kenichiro Shimura"
2015-19-1,Special Issue on Intelligent Agents in Traffic and Transportation,https://www.tandfonline.com/doi/full/10.1080/15472450.2013.856719,"Yi Luo,Damla Turgut,Ladislau B??l??ni"
2015-19-1,Agents Toward Vehicle Routing Problem With Time Windows,https://www.tandfonline.com/doi/full/10.1080/15472450.2014.889953,"Gennady Waizman,Shraga Shoval,Itzhak Benenson"
2015-19-1,Learning Drivers?€? Behavior to Improve Adaptive Cruise Control,https://www.tandfonline.com/doi/full/10.1080/15472450.2014.889960,"J??rg Dallmeyer,Ren?? Schumann,Andreas D. Lattner,Ingo J. Timm"
2015-19-1,An Agent-Based Pedestrian and Group Dynamics Model Applied to Experimental and Real-World Scenarios,https://www.tandfonline.com/doi/full/10.1080/15472450.2013.856718,"Jan Hrn??????,Michael Rovatsos,Michal Jakob"
2015-19-1,Modeling the Strategic Behavior of Drivers for Multi-Lane Highway Driving,https://www.tandfonline.com/doi/full/10.1080/15472450.2014.889964,"Constantinos Antoniou,Amalia Polydoropoulou,Asad J. Khattak"
2015-19-1,Micro-Simulation Model for Assessing the Risk of Vehicle?€?Pedestrian Road Accidents,https://www.tandfonline.com/doi/full/10.1080/15472450.2013.856721,"Jerald Jariyasunant,Maya Abou-Zeid,Andre Carrel,Venkatesan Ekambaram,David Gaker,Raja Sengupta,Joan L. Walker"
2015-19-1,Don't Go With the Ant Flow: Ant-Inspired Traffic Routing in Urban Environments,https://www.tandfonline.com/doi/full/10.1080/15472450.2014.941758,Athena Tsirimpa
2015-19-1,Ridesharing on Timetabled Transport Services: A Multiagent Planning Approach,https://www.tandfonline.com/doi/full/10.1080/15472450.2014.941759,"Jingmin Chen,Michel Bierlaire"
2015-19-2,Advanced Traveler Information Systems: Behavioral Responses to Mobile Applications for Transportation,https://www.tandfonline.com/doi/full/10.1080/15472450.2015.1012867,"Konstantinos Gkiotsalitis,Antony Stathopoulos"
2015-19-2,Quantified Traveler: Travel Feedback Meets the Cloud to Change Behavior,https://www.tandfonline.com/doi/full/10.1080/15472450.2013.856714,"Constantinos Antoniou,Amalia Polydoropoulou"
2015-19-2,Modeling the Impact of Traffic Information Acquisition From Mobile Devices During the Primary Tour of the Day,https://www.tandfonline.com/doi/full/10.1080/15472450.2015.1012865,"Pengfei Li,Montasir Abbas,Raghu Pasupathy"
2015-19-2,Probabilistic Multimodal Map Matching With Rich Smartphone Data,https://www.tandfonline.com/doi/full/10.1080/15472450.2013.764796,"Hongbing Zhang,Mecit Cetin,Asad J. Khattak"
2015-19-2,A Mobile Application for Real-Time Multimodal Routing Under a Set of Users?€? Preferences,https://www.tandfonline.com/doi/full/10.1080/15472450.2013.856712,"Yang Cheng,Miao Zhang,Dongyuan Yang"
2015-19-2,The Value of Privacy: Evidence From the Use of Mobile Devices for Traveler Information Systems,https://www.tandfonline.com/doi/full/10.1080/15472450.2014.936284,"Jian Zhang,Wenquan Li,Feng Qiu"
2015-19-2,A Stochastic Dilemma Zone Protection Algorithm Based on the Vehicles?€? Trajectories,https://www.tandfonline.com/doi/full/10.1080/15472450.2014.977043,"Voichita Popescu,Sergiu Nedevschi,Radu Danescu,Tiberiu Marita"
2015-19-2,Joint Analysis of Queuing Delays Associated With Secondary Incidents,https://www.tandfonline.com/doi/full/10.1080/15472450.2014.977049,"Bahar Namaki Araghi,Jonas Hammersh??j Olesen,Rajesh Krishnan,Lars T??rholm Christensen,Harry Lahrmann"
2015-19-2,Automatic Incident Detection for Urban Expressways Based on Segment Traffic Flow Density,https://www.tandfonline.com/doi/full/10.1080/15472450.2014.977046,"Peng Hao,Xuegang (Jeff) Ban,Jeong Whon Yu"
2015-19-3,Optimizing Single-Depot Vehicle Scheduling Problem: Fixed-Interval Model and Algorithm,https://www.tandfonline.com/doi/full/10.1080/15472450.2013.836930,"Francisco C. Pereira,Filipe Rodrigues,Moshe Ben-Akiva"
2015-19-3,A Lane Assessment Method Using Visual Information Based on a Dynamic Bayesian Network,https://www.tandfonline.com/doi/full/10.1080/15472450.2013.856724,"Yarah Basyoni,Hoda Talaat"
2015-19-3,Reliability of Bluetooth Technology for Travel Time Estimation,https://www.tandfonline.com/doi/full/10.1080/15472450.2013.856727,"Jie Fang,Jing Jin"
2015-19-3,Kinematic Equation-Based Vehicle Queue Location Estimation Method for Signalized Intersections Using Mobile Sensor Data,https://www.tandfonline.com/doi/full/10.1080/15472450.2013.857197,"Chun-Hsiung Liao,Chun-Wei Chen"
2015-19-3,Using Data From the Web to Predict Public Transport Arrivals Under Special Events Scenarios,https://www.tandfonline.com/doi/full/10.1080/15472450.2013.868284,"Mohammad S. Ghanim,Ghassan Abu-Lebdeh"
2015-19-3,A Bilevel Traffic Data Extraction Procedure via Cellular Phone Network for Intercity Travel,https://www.tandfonline.com/doi/full/10.1080/15472450.2014.892380,"Lina Kattan,Bidoura Khondaker,Olesya Derushkina,Eswar Poosarla"
2015-19-3,Intelligent Algorithms for Reducing Short-Term Traffic State Prediction Error in Active Traffic Management,https://www.tandfonline.com/doi/full/10.1080/15472450.2014.893736,"Ho Lee,Benjamin Coifman"
2015-19-3,Use of Advanced Traveler Information Systems for Route Choice: Interpretation Based on a Bayesian Model,https://www.tandfonline.com/doi/full/10.1080/15472450.2014.936289,"Wooyeon Yu,Sejoon Park,David S. Kim,Sung-Seok Ko"
2015-19-4,Real-Time Dynamic Transit Signal Priority Optimization for Coordinated Traffic Networks Using Genetic Algorithms and Artificial Neural Networks,https://www.tandfonline.com/doi/full/10.1080/15472450.2014.936292,"Jalil Kianfar,Praveen Edara,Carlos Sun"
2015-19-4,A Probe-Based Variable Speed Limit System,https://www.tandfonline.com/doi/full/10.1080/15472450.2014.936294,"Tomio Miwa,Yosuke Ishiguro,Toshiyuki Yamamoto,Takayuki Morikawa"
2015-19-4,Using LIDAR to Validate the Performance of Vehicle Classification Stations,https://www.tandfonline.com/doi/full/10.1080/15472450.2014.941750,"Jian Zhang,Shanglu He,Wei Wang,Fengping Zhan"
2015-19-4,An Arterial Incident Detection Procedure Utilizing Real-Time Vehicle Reidentification Travel Time Data,https://www.tandfonline.com/doi/full/10.1080/15472450.2014.972762,"Adel W. Sadek,Byungkyu ?€?Brian?€? Park,Mecit Cetin"
2015-19-4,"Operational Analysis of a Freeway Variable Speed Limit System in St. Louis, Missouri",https://www.tandfonline.com/doi/full/10.1080/15472450.2014.989718,"H. M. Abdul Aziz,Satish V. Ukkusuri"
2015-19-4,Allocation Planning for Probe Taxi Devices Aimed at Minimizing Losses to Travel Time Information Users,https://www.tandfonline.com/doi/full/10.1080/15472450.2014.995760,"Ismail H. Zohdy,Hesham A. Rakha"
2015-19-4,Accuracy Analysis of Freeway Traffic Speed Estimation Based on the Integration of Cellular Probe System and Loop Detectors,https://www.tandfonline.com/doi/full/10.1080/15472450.2014.1000456,"Raj Kishore Kamalanathsharma,Hesham A. Rakha"
2015-19-4,Editorial Board EOV,https://www.tandfonline.com/doi/full/10.1080/15472450.2015.1116914,"Noah J. Goodall,Brian L. Smith,Byungkyu ?€?Brian?€? Park"
2016-20-1,Special Issue on Cyber Transportation Systems and Connected Vehicle Research,https://www.tandfonline.com/doi/full/10.1080/15472450.2014.889914,"Peng Su,Joyoung Lee,Byungkyu ?€?Brian?€? Park"
2016-20-1,Network Traffic Control in Cyber-Transportation Systems Accounting for User-Level Fairness,https://www.tandfonline.com/doi/full/10.1080/15472450.2014.889935,"Scott Smith,Michael Razo"
2016-20-1,Intersection Management via Vehicle Connectivity: The Intersection Cooperative Adaptive Cruise Control System Concept,https://www.tandfonline.com/doi/full/10.1080/15472450.2014.889918,"Yunjie Zhao,Aditya Wagh,Yunfei Hou,Kevin Hulme,Chunming Qiao,Adel W. Sadek"
2016-20-1,Leveraging Connected Vehicle Technology and Telematics to Enhance Vehicle Fuel Efficiency in the Vicinity of Signalized Intersections,https://www.tandfonline.com/doi/full/10.1080/15472450.2014.889916,"Shou-Pon Lin,Nicholas F. Maxemchuk"
2016-20-1,Microscopic Estimation of Freeway Vehicle Positions From the Behavior of Connected Vehicles,https://www.tandfonline.com/doi/full/10.1080/15472450.2014.889926,"Zun Wang,Anne Goodchild,Edward McCormack"
2016-20-1,Calibrating Communication Simulator for Connected Vehicle Applications,https://www.tandfonline.com/doi/full/10.1080/15472450.2014.889924,"Fei Yang,Zhenxing Yao,Peter J. Jin,Da Yang"
2016-20-1,Using Traffic Microsimulation to Assess Deployment Strategies for the Connected Vehicle Safety Pilot,https://www.tandfonline.com/doi/full/10.1080/15472450.2014.889941,"Markus Stocker,Paula Silvonen,Mauno R??nkk??,Mikko Kolehmainen"
2016-20-1,Integrated Traffic-Driving-Networking Simulator for the Design of Connected Vehicle Applications: Eco-Signal Case Study,https://www.tandfonline.com/doi/full/10.1080/15472450.2014.889920,"Oded Cats,Gerasimos Loutos"
2016-20-1,The Fail-Safe Operation of Collaborative Driving Systems,https://www.tandfonline.com/doi/full/10.1080/15472450.2014.889932,"Bin Ran,Huachun Tan,Jianshuai Feng,Wuhong Wang,Yang Cheng,Peter Jin"
2016-20-2,Measuring Truck Travel Time Reliability Using Truck Probe GPS Data,https://www.tandfonline.com/doi/full/10.1080/15472450.2014.1000455,"Tao Zhang,Dian-ge Yang,Jiang-tao Li,Xiao-min Lian"
2016-20-2,Performance Evaluation of Handoff-Based Cellular Traffic Monitoring Systems Using Combined Wireless and Traffic Simulation Platform,https://www.tandfonline.com/doi/full/10.1080/15472450.2014.1001027,"Vicente Milan??s,Steven E. Shladover"
2016-20-2,Detection and Classification of??Vehicles by Measurement of Road-Pavement Vibration and by??Means of Supervised Machine Learning,https://www.tandfonline.com/doi/full/10.1080/15472450.2015.1004063,"Eleni I. Vlahogianni,Konstantinos Kepaptsoglou,Vassileios Tsetsos,Matthew G. Karlaftis"
2016-20-2,Real-Time Bus Arrival Information System: An Empirical Evaluation,https://www.tandfonline.com/doi/full/10.1080/15472450.2015.1011638,"Yanru Zhang,Yunlong Zhang"
2016-20-2,Estimating Missing Traffic Volume Using Low Multilinear Rank Tensor Completion,https://www.tandfonline.com/doi/full/10.1080/15472450.2015.1015721,"Bahar Namaki Araghi,Rajesh Krishnan,Harry Lahrmann"
2016-20-2,A Trajectory-Based Map-Matching System for the Driving Road Identification in Vehicle Navigation Systems,https://www.tandfonline.com/doi/full/10.1080/15472450.2015.1015847,"Arash Olia,Hossam Abdelgawad,Baher Abdulhai,Saiedeh N. Razavi"
2016-20-2,Handling Cut-In Vehicles in Strings of Cooperative Adaptive Cruise Control Vehicles,https://www.tandfonline.com/doi/full/10.1080/15472450.2015.1016023,"Jiaqi Ma,Brian L. Smith,Michael D. Fontaine"
2016-20-2,A Real-Time Parking Prediction System for Smart Cities,https://www.tandfonline.com/doi/full/10.1080/15472450.2015.1037955,"Wei Guo,Yi Zhang,Man Xu,Zuo Zhang,Li Li"
2016-20-3,A Comparative Study of Three Multivariate Short-Term Freeway Traffic Flow Forecasting Methods With Missing Data,https://www.tandfonline.com/doi/full/10.1080/15472450.2016.1147813,"Nabil Nehme,Mariette Awad,Isam A. Kaysi"
2016-20-3,Mode-Specific Travel Time Estimation Using Bluetooth Technology,https://www.tandfonline.com/doi/full/10.1080/15472450.2015.1052906,"Yao-Jan Wu,Feng Chen,Chang-Tien Lu,Shu Yang"
2016-20-3,"Assessing the Potential Impacts of??Connected Vehicles: Mobility, Environmental, and Safety Perspectives",https://www.tandfonline.com/doi/full/10.1080/15472450.2015.1062728,"Sangkey Kim,Ali Hajbabaie,Billy M. Williams,Nagui M. Rouphail"
2016-20-3,Comparison of In-Vehicle Auditory Public Traffic Information With Roadside Dynamic Message Signs,https://www.tandfonline.com/doi/full/10.1080/15472450.2015.1062729,"Achille Fonzone,Jan-Dirk Schm??cker,Francesco Viti"
2016-20-3,Parking Spaces Repurchase Strategy Design via Simulation Optimization,https://www.tandfonline.com/doi/full/10.1080/15472450.2015.1063424,"Agostino Nuzzolo,Umberto Crisalli,Antonio Comi,Luca Rosati"
2016-20-3,An Epsilon Bargaining Game-Theoretic Formulation Between Carrier and Container Terminal Operators for Servicing Vessels During Unloading Operations,https://www.tandfonline.com/doi/full/10.1080/15472450.2015.1065740,"Christopher Leahy,Richard Batley,Haibo Chen"
2016-20-3,Urban Traffic Flow Prediction Using a Spatio-Temporal Random Effects Model,https://www.tandfonline.com/doi/full/10.1080/15472450.2015.1072050,"Andre Carrel,Rabi G. Mishalani,Raja Sengupta,Joan L. Walker"
2016-20-3,Dynamic Bandwidth Analysis for Coordinated Arterial Streets,https://www.tandfonline.com/doi/full/10.1080/15472450.2015.1074575,"Yung-Hsiang Cheng,Sz-Fan Chen"
2016-20-4,"New services, new travelers, old models? Directions to pioneer public transport models in the era of big data",https://www.tandfonline.com/doi/full/10.1080/15472450.2016.1190553,"Hyoshin Park,Ali Haghani,Xin Zhang"
2016-20-4,A mesoscopic transit assignment model including real-time predictive information on crowding,https://www.tandfonline.com/doi/full/10.1080/15472450.2016.1164047,"Jinhui Lan,Dongyang Yu,Bin Ran,Yaoliang Jiang,Zhaohui Zhang"
2016-20-4,Toward an automated methodology for the valuation of reliability,https://www.tandfonline.com/doi/full/10.1080/15472450.2015.1091736,"Shuai Wang,Yang Yang,Xiaolin Hu,Jianmin Li,Bingji Xu"
2016-20-4,In Pursuit of the Happy Transit Rider: Dissecting Satisfaction Using Daily Surveys and Tracking Data,https://www.tandfonline.com/doi/full/10.1080/15472450.2016.1149699,"Chao Wang,Zhirui Ye"
2016-20-4,Adoption forecasting of multipurpose smart cards in transit systems,https://www.tandfonline.com/doi/full/10.1080/15472450.2016.1191993,"Wenxin Qiao,Ali Haghani,Chun-Fu Shao,Jun Liu"
2016-20-4,Interpretation of Bayesian neural networks for predicting the duration of detected incidents,https://www.tandfonline.com/doi/full/10.1080/15472450.2015.1082428,"Fei Yang,Zhenxing Yao,Yang Cheng,Bin Ran,Da Yang"
2016-20-4,A new threat degree analysis method of abandoned objects based on dynamic multifeature fusion in urban traffic,https://www.tandfonline.com/doi/full/10.1080/15472450.2015.1082910,"Paul Johnson,Duc Nguyen,ManWo Ng"
2016-20-5,Solving the K-shortest paths problem in timetable-based public transportation systems,https://www.tandfonline.com/doi/full/10.1080/15472450.2015.1082911,"Meng Li,Xiqun (Michael) Chen,Wei Ni"
2016-20-5,Traffic flow forecasting based on a hybrid model,https://www.tandfonline.com/doi/full/10.1080/15472450.2015.1091735,"Orcan Alpar,Radoslav Stojic"
2016-20-5,Freeway path travel time prediction based on heterogeneous traffic data through nonparametric model,https://www.tandfonline.com/doi/full/10.1080/15472450.2016.1149700,"Jiaqi Ma,Fang Zhou,Changju Lee"
2016-20-5,Multimode trip information detection using personal trajectory data,https://www.tandfonline.com/doi/full/10.1080/15472450.2016.1151791,"Guoyan Cao,John Michelini,Karolos Grigoriadis,Behrouz Ebrahimi,Matthew A. Franchek"
2016-20-5,Large-scale network partitioning for decentralized traffic management and other transportation applications,https://www.tandfonline.com/doi/full/10.1080/15472450.2016.1151792,"Irum Sanaullah,Mohammed Quddus,Marcus Enoch"
2016-20-5,An extended generalized filter algorithm for urban expressway traffic time estimation based on heterogeneous data,https://www.tandfonline.com/doi/full/10.1080/15472450.2016.1153426,"Zhengbing He,Liang Zheng,Wei Guan,Baohua Mao"
2016-20-5,Erratum,https://www.tandfonline.com/doi/full/10.1080/15472450.2016.1228375,"Meng Wang,Winnie Daamen,Serge P. Hoogendoorn,Bart van Arem"
2016-20-6,Intelligent collision warning using license plate segmentation,https://www.tandfonline.com/doi/full/10.1080/15472450.2015.1120674,"Mahdi Hashemi,Hassan A. Karimi"
2016-20-6,Providing personalized system optimum traveler information in a congested traffic network with mixed users,https://www.tandfonline.com/doi/full/10.1080/15472450.2016.1152549,"Peter J. Jin,Jie Fang,Xiaowen Jiang,Michael DeGaspari,C. Michael Walton"
2016-20-6,Cluster-based correlation of severe driving events with time and location,https://www.tandfonline.com/doi/full/10.1080/15472450.2016.1152891,"Xianbiao Hu,Yi-Chang Chiu,Jeff Shelton"
2016-20-6,Developing travel time estimation methods using sparse GPS data,https://www.tandfonline.com/doi/full/10.1080/15472450.2016.1154764,"Ning Zhu,Shoufeng Ma,Liang Zheng"
2016-20-6,"A self-regulation traffic-condition-based route guidance strategy with realistic considerations: Overlapping routes, stochastic traffic, and signalized intersections",https://www.tandfonline.com/doi/full/10.1080/15472450.2016.1157020,"Alhadi Ali Albousefi,Hao Ying,Dimitar Filev,Fazal Syed,Kwaku O. Prakah-Asante,Finn Tseng,Hsin-Hsiang Yang"
2016-20-6,Connected variable speed limits control and car-following control with vehicle-infrastructure communication to resolve stop-and-go waves,https://www.tandfonline.com/doi/full/10.1080/15472450.2016.1157022,"Maryam Moshiri,Jeannette Montufar"
2016-20-6,A weight-based map-matching algorithm for vehicle navigation in complex urban networks,https://www.tandfonline.com/doi/full/10.1080/15472450.2016.1166058,"Elvira Thonhofer,Elisabeth Luchini,Stefan Jakubek"
2016-20-6,Editorial Board EOV,https://www.tandfonline.com/doi/full/10.1080/15472450.2016.1242342,"Mingxin Li,Xuesong Zhou,Nagui M. Rouphail"
2017-21-1,Gap metering for active traffic control at freeway merging sections,https://www.tandfonline.com/doi/full/10.1080/15472450.2016.1157021,"Peng Chen,Jian Sun,Hongsheng Qi"
2017-21-1,Development of a behaviorally induced system optimal travel demand management system,https://www.tandfonline.com/doi/full/10.1080/15472450.2016.1171151,"Indrajit Chatterjee,Chen-Fu Liao,Gary A. Davis"
2017-21-1,Travel time estimation oriented freeway sensor placement problem considering sensor failure,https://www.tandfonline.com/doi/full/10.1080/15472450.2016.1194206,"Libo Cao,Zheng Chen,Lingbo Yan,Qin Qin,Ruifeng Zhang"
2017-21-1,A two-stage-training support vector machine approach to predicting unintentional vehicle lane departure,https://www.tandfonline.com/doi/full/10.1080/15472450.2016.1196141,"Yuanchang Xie,Huixing Zhang,Nathan H. Gartner,Tugba Arsava"
2017-21-1,Evaluation of detection sensitivity and count performance of advanced vehicle detection technologies at a signalized intersection,https://www.tandfonline.com/doi/full/10.1080/15472450.2016.1198700,"Yiqi Zhang,Changxu Wu,Jingyan Wan"
2017-21-1,"A flexible, adaptive traffic network simulation with parameter estimation",https://www.tandfonline.com/doi/full/10.1080/15472450.2016.1208568,"Zhongyu Wang,Qing Cai,Bing Wu,Lingyu Zheng,Yinhai Wang"
2017-21-2,Quantifying travel time variability at a single bottleneck based on stochastic capacity and demand distributions,https://www.tandfonline.com/doi/full/10.1080/15472450.2016.1163639,"Seoungbum Kim,Benjamin Coifman"
2017-21-2,Estimation of delay variability at signalized intersections for urban arterial performance evaluation,https://www.tandfonline.com/doi/full/10.1080/15472450.2016.1216319,"Md Shahadat Iqbal,Mohammed Hadi,Yan Xiao"
2017-21-2,A statistical process control approach using cumulative sum control chart analysis for traffic data quality verification and sensor calibration for weigh-in-motion systems,https://www.tandfonline.com/doi/full/10.1080/15472450.2016.1220306,"Deepak Shrestha,David J. Lovell,Yorghos Tripodis"
2017-21-2,A proposed vision and vehicle-to-infrastructure communication-based vehicle positioning approach,https://www.tandfonline.com/doi/full/10.1080/15472450.2016.1247704,"Fangce Guo,Rajesh Krishnan,John Polak"
2017-21-2,Collaborative merging strategy for freeway ramp operations in a connected and autonomous vehicles environment,https://www.tandfonline.com/doi/full/10.1080/15472450.2016.1248288,"Haitham Al-Deek,Adrian Sandt,Ahmad Alomari,Omar Hussain"
2017-21-2,A human-in-the-loop wireless warning message notification model and its application in connected vehicle systems,https://www.tandfonline.com/doi/full/10.1080/15472450.2016.1254045,"Tomio Miwa,Michael G. H. Bell"
2017-21-3,Shockwave-based queue estimation approach for undersaturated and oversaturated signalized intersections using multi-source detection data,https://www.tandfonline.com/doi/full/10.1080/15472450.2016.1254046,"C. Y. David Yang,Kaan Ozbay,Xuegang (Jeff) Ban"
2017-21-3,Assessing the performance of SpeedInfo radar traffic sensors,https://www.tandfonline.com/doi/full/10.1080/15472450.2016.1273779,"Liang Zheng,Bin Ran,Helai Huang"
2017-21-3,Predicting arterial breakdown probability: A data mining approach,https://www.tandfonline.com/doi/full/10.1080/15472450.2017.1279543,"Peng Cao,Yubai Hu,Tomio Miwa,Yukiko Wakita,Takayuki Morikawa,Xiaobo Liu"
2017-21-3,Hardware and software for collecting microscopic trajectory data on naturalistic driving behavior,https://www.tandfonline.com/doi/full/10.1080/15472450.2017.1283224,"Jose E. Naranjo,Felipe Jim??nez,Jos?? J. Anaya,Edgar Talavera,Oscar G??mez"
2017-21-3,The influence of alternative data smoothing prediction techniques on the performance of a two-stage short-term urban travel time prediction framework,https://www.tandfonline.com/doi/full/10.1080/15472450.2017.1283989,"Arash Olia,Hossam Abdelgawad,Baher Abdulhai,Saiedeh N. Razavi"
2017-21-3,A technical note on evaluating the effectiveness of bus rapid transit with transit signal priority,https://www.tandfonline.com/doi/full/10.1080/15472450.2017.1286987,"Yong Hoon Kim,Srinivas Peeta"
2017-21-3,Efficiency of routing and scheduling system for small and medium size enterprises utilizing vehicle location data,https://www.tandfonline.com/doi/full/10.1080/15472450.2017.1291350,"Dimitris Milakis,Bart van Arem,Bert van Wee"
2017-21-4,Developments in connected and automated vehicles,https://www.tandfonline.com/doi/full/10.1080/15472450.2017.1337974,"Celeste Chavis,Eleni Christofa"
2017-21-4,Safety evaluation for driving behaviors under bidirectional looking context,https://www.tandfonline.com/doi/full/10.1080/15472450.2016.1254047,"Justin Schorr,Samer H. Hamdar,Claire Silverstein"
2017-21-4,An optimal mandatory lane change decision model for autonomous vehicles in urban arterials,https://www.tandfonline.com/doi/full/10.1080/15472450.2017.1315805,"Natalia Selini Hadjidimitriou,Marco Mamei,Mauro Dell'Amico,Ioannis Kaparias"
2017-21-4,Application of vehicle to another entity (V2X) communications for motorcycle crash avoidance,https://www.tandfonline.com/doi/full/10.1080/15472450.2016.1247703,"Santos S??nchez-Cambronero,Pilar Jim??nez,Ana Rivas,Inmaculada Gallego"
2017-21-4,Optimizing the number and locations of freeway roadside equipment units for travel time estimation in a connected vehicle environment,https://www.tandfonline.com/doi/full/10.1080/15472450.2017.1332524,"Zhijun Chen,Chaozhong Wu,Zhen Huang,Nengchao Lyu,Zhaozheng Hu,Ming Zhong,Yang Cheng,Bin Ran"
2017-21-4,Modeling of the dynamic flow propagation of multiple units of information under vehicle-to-vehicle communications based advanced traveler information systems,https://www.tandfonline.com/doi/full/10.1080/15472450.2017.1334559,"Anthony D. McDonald,John D. Lee,Nazan S. Aksan,Jeffrey D. Dawson,Jon Tippin,Matthew Rizzo"
2017-21-4,Policy and society related implications of automated driving: A review of literature and directions for future research,https://www.tandfonline.com/doi/full/10.1080/15472450.2017.1291351,"George F. List,Billy Williams"
2017-21-5,A real-time signal control strategy for mitigating the impact of bus stops at urban signalized intersections,https://www.tandfonline.com/doi/full/10.1080/15472450.2016.1194760,"Xiangfeng Ji,Xuegang (Jeff) Ban,Jian Zhang,Bin Ran"
2017-21-5,Measuring the safety impact of road infrastructure systems on driver behavior: Vehicle instrumentation and real world driving experiment,https://www.tandfonline.com/doi/full/10.1080/15472450.2016.1198699,"Rapha??l Delhome,Romain Billot,Nour-Eddin El Faouzi"
2017-21-5,Classification of Livebus arrivals user behavior,https://www.tandfonline.com/doi/full/10.1080/15472450.2016.1265890,"C. de Boer,M. Snelder,R. van Nes,B. van Arem"
2017-21-5,Plate scanning tools to obtain travel times in traffic networks,https://www.tandfonline.com/doi/full/10.1080/15472450.2017.1298037,"Elham Sharifi,Stanley Ernest Young,Sepideh Eshragh,Masoud Hamedi,Reuben M. Juster,Kartik Kaushik"
2017-21-5,Dangerous driving behavior detection using video-extracted vehicle trajectory histograms,https://www.tandfonline.com/doi/full/10.1080/15472450.2017.1305271,"Neila Bhouri,Maurice Aron,Jean Patrick Lebacque,Habib Haj-Salem"
2017-21-5,Using kinematic driving data to detect sleep apnea treatment adherence,https://www.tandfonline.com/doi/full/10.1080/15472450.2017.1369060,"Ravi Seshadri,Karthik K. Srinivasan"
2017-21-6,Advances in travel time reliability monitoring and assessment,https://www.tandfonline.com/doi/full/10.1080/15472450.2017.1403536,"Fahimeh Khoshniyat,Anders Peterson"
2017-21-6,Subjective-utility travel time budget modeling in the stochastic traffic network assignment,https://www.tandfonline.com/doi/full/10.1080/15472450.2017.1326116,"Zhanbo Sun,Xuegang (Jeff) Ban"
2017-21-6,Travel time statistical modeling with the Halphen distribution family,https://www.tandfonline.com/doi/full/10.1080/15472450.2017.1326115,"Semuel Y. R. Rompis,Mecit Cetin,Filmon Habtemichael"
2017-21-6,"The impact of route guidance, departure time advice and alternative routes on door-to-door travel time reliability: Two data-driven assessment methods",https://www.tandfonline.com/doi/full/10.1080/15472450.2017.1334204,"Marta Flamini,Marialisa Nigro,Dario Pacciarelli"
2017-21-6,Outsourced probe data effectiveness on signalized arterials,https://www.tandfonline.com/doi/full/10.1080/15472450.2017.1359093,"H. M. Abdul Aziz,Feng Zhu,Satish V. Ukkusuri"
2017-21-6,Effectiveness of travel time reliability indicators in the light of the assessment of dynamic managed lane strategy,https://www.tandfonline.com/doi/full/10.1080/15472450.2017.1327815,"Ying Liu,Guoyu Ou"
2017-21-6,"Robust traffic assignment model: Formulation, solution algorithms and empirical application",https://www.tandfonline.com/doi/full/10.1080/15472450.2017.1358624,"Zhibin Li,Pan Liu,Chengcheng Xu,Wei Wang"
2017-21-6,Improving train service reliability by applying an effective timetable robustness strategy,https://www.tandfonline.com/doi/full/10.1080/15472450.2017.1326114,"Xu Zhang,Mei Chen"
2017-21-6,Editorial Board,https://www.tandfonline.com/doi/full/10.1080/15472450.2017.1409095,"Anish Kumar Bharti,Ch. Ravi Sekhar,Satish Chandra"
2018-22-1,Identifying multiclass vehicles using global positioning system data,https://www.tandfonline.com/doi/full/10.1080/15472450.2017.1358623,"Fangfang Zheng,Jie Li,Henk van Zuylen,Xiaobo Liu,Hongtai Yang"
2018-22-1,Probe vehicle lane identification for queue length estimation at intersections,https://www.tandfonline.com/doi/full/10.1080/15472450.2017.1300887,"Mohammad Torkjazi,Parisa Sadat Mirjafari,Hossain Poorzahedy"
2018-22-1,The value of real-time traffic information in urban freight distribution,https://www.tandfonline.com/doi/full/10.1080/15472450.2017.1309530,"Zhiyuan Du,Baisravan HomChaudhuri,Pierluigi Pisu"
2018-22-1,Learning-based traffic signal control algorithms with neighborhood information sharing: An application for sustainable mobility,https://www.tandfonline.com/doi/full/10.1080/15472450.2017.1387546,"Marialisa Nigro,Ernesto Cipriani,Andrea del Giudice"
2018-22-1,A traffic monitoring stream-based real-time vehicular offence detection approach,https://www.tandfonline.com/doi/full/10.1080/15472450.2017.1389650,"Richard Mounce,Steve Wright,C. David Emele,Cheng Zeng,John D. Nelson"
2018-22-1,Development of analytical procedure for selection of control measures to reduce congestions at various freeway bottlenecks,https://www.tandfonline.com/doi/full/10.1080/15472450.2017.1371598,"Kaan Ozbay,Xuegang (Jeff) Ban,C. Y. David Yang"
2018-22-1,Correction to: Sun and Ban. Identifying multiclass vehicles using global positioning system data,https://www.tandfonline.com/doi/full/10.1080/15472450.2018.1448252,Steven E. Shladover
2018-22-2,Bi-objective routing problem with asymmetrical travel time distributions,https://www.tandfonline.com/doi/full/10.1080/15472450.2017.1407652,Volkan Sezer
2018-22-2,Modeling travel time of car with varying demand on an urban midblock section,https://www.tandfonline.com/doi/full/10.1080/15472450.2017.1408013,"Taehyoung Kim,Antoine G. Hobeika,Heejin Jung"
2018-22-2,Urban travel time reliability at different traffic conditions,https://www.tandfonline.com/doi/full/10.1080/15472450.2017.1412829,"Meng Li,Xiqun (Michael) Chen,Xi Lin,Dingyuan Xu,Yinhai Wang"
2018-22-2,Reliability-based network flow estimation with day-to-day variation: A model validation on real large-scale urban networks,https://www.tandfonline.com/doi/full/10.1080/15472450.2017.1413555,"Arash Olia,Saiedeh Razavi,Baher Abdulhai,Hossam Abdelgawad"
2018-22-2,Hierarchical distributed coordination strategy of connected and automated vehicles at multiple intersections,https://www.tandfonline.com/doi/full/10.1080/15472450.2017.1407930,"Hao Liu,Xingan (David) Kan,Steven E. Shladover,Xiao-Yun Lu,Robert E. Ferlis"
2018-22-2,Exploiting floating car data for time-dependent Origin?€?Destination matrices estimation,https://www.tandfonline.com/doi/full/10.1080/15472450.2017.1421462,"Chengchuan An,Yao-Jan Wu,Jingxin Xia,Wei Huang"
2018-22-2,A tool to aid redesign of flexible transport services to increase efficiency in rural transport service provision,https://www.tandfonline.com/doi/full/10.1080/15472450.2017.1410062,"Zhi Chen,Xiao Qin,Md. Razaur Rahman Shaon"
2018-22-3,Developments in connected and automated vehicles,https://www.tandfonline.com/doi/full/10.1080/15472450.2018.1466407,"Wei Wu,Larry Head,Sanghuiyu Yan,Wanjing Ma"
2018-22-3,Connected and automated vehicle systems: Introduction and overview,https://www.tandfonline.com/doi/full/10.1080/15472450.2017.1336053,"Cong Chen,Yanyan Chen,Jianming Ma,Guohui Zhang,C. Michael Walton"
2018-22-3,Intelligent decision making for overtaking maneuver using mixed observable Markov decision process,https://www.tandfonline.com/doi/full/10.1080/15472450.2017.1334558,"Qichi Yang,Guoyuan Wu,Kanok Boriboonsomsin,Matthew Barth"
2018-22-3,Evaluation of the performance of vehicle-to-vehicle applications in an urban network,https://www.tandfonline.com/doi/full/10.1080/15472450.2017.1413368,"Shangjia Dong,Alireza Mostafizi,Haizhong Wang,Jia Li"
2018-22-3,Connected vehicle-based red-light running prediction for adaptive signalized intersections,https://www.tandfonline.com/doi/full/10.1080/15472450.2016.1215921,"Nadia Bathaee,Alireza Mohseni,SeJoon Park,J. David Porter,David S. Kim"
2018-22-3,Traffic capacity implications of automated vehicles mixed with regular vehicles,https://www.tandfonline.com/doi/full/10.1080/15472450.2017.1404680,"David K. Hale,Constantinos Antoniou,Byungkyu Brian Park,Jiaqi Ma,Lei Zhang,Alexander Paz"
2018-22-3,Impact of cooperative adaptive cruise control on multilane freeway merge capacity,https://www.tandfonline.com/doi/full/10.1080/15472450.2018.1438275,"Wai Yeung Yan,X.-X. Yuan"
2018-22-4,Real-time queue length estimation using event-based advance detector data,https://www.tandfonline.com/doi/full/10.1080/15472450.2017.1299011,"B. Anil Kumar,Lelitha Vanajakshi,Shankar C. Subramanian"
2018-22-4,Modeling lane-change-related crashes with lane-specific real-time traffic and weather data,https://www.tandfonline.com/doi/full/10.1080/15472450.2017.1309529,"Shu Yang,Yao-Jan Wu"
2018-22-4,Development and evaluation of bus lanes with intermittent and dynamic priority in connected vehicle environment,https://www.tandfonline.com/doi/full/10.1080/15472450.2017.1313704,"Yao Cheng,Xianfeng Yang"
2018-22-4,Driver behavior formulation in intersection dilemma zones with phone use distraction via a logit-Bayesian network hybrid approach,https://www.tandfonline.com/doi/full/10.1080/15472450.2017.1350921,"Hyunjeong Jeon,Jincheol Lee,Keemin Sohn"
2018-22-4,A novel arterial travel time distribution estimation model and its application to energy/emissions estimation,https://www.tandfonline.com/doi/full/10.1080/15472450.2017.1365606,"Tarikul Islam,Hai L. Vu,Manoj Panda,Dong Ngoduy"
2018-22-4,A stochastic analysis of highway capacity: Empirical evidence and implications,https://www.tandfonline.com/doi/full/10.1080/15472450.2017.1396898,"Shu Yang,Payton Cooke"
2018-22-4,A cluster analysis approach for differentiating transportation modes using Bluetooth sensor data,https://www.tandfonline.com/doi/full/10.1080/15472450.2018.1457444,"Rahul Deb Das,Stephan Winter"
2018-22-5,Revisiting the application of simultaneous perturbation stochastic approximation towards signal timing optimization,https://www.tandfonline.com/doi/full/10.1080/15472450.2017.1334205,"Yanning Li,Juan C. Mart??nez Mori,Daniel B. Work"
2018-22-5,A low-cost video-based pavement distress screening system for low-volume roads,https://www.tandfonline.com/doi/full/10.1080/15472450.2017.1366320,"Julie Fetzer,Hernan Caceres,Qing He,Rajan Batta"
2018-22-5,A hybrid model based method for bus travel time estimation,https://www.tandfonline.com/doi/full/10.1080/15472450.2017.1378102,"Gulsevi Basar,Mecit Cetin,Andrew P. Nichols"
2018-22-5,Travel mode identification using bluetooth technology,https://www.tandfonline.com/doi/full/10.1080/15472450.2017.1384698,"Xiaoyue Cathy Liu,Jeffrey Taylor,Richard J. Porter,Ran Wei"
2018-22-5,Signal coordination model for local arterial with heavy bus flows,https://www.tandfonline.com/doi/full/10.1080/15472450.2017.1394191,"Elvira Thonhofer,Stefan Jakubek"
2018-22-5,Artificial intelligence for traffic signal control based solely on video images,https://www.tandfonline.com/doi/full/10.1080/15472450.2017.1394192,"Zhenhua Zhang,Qing He,Jizhan Gou,Xiaoling Li"
2018-22-5,"A study of realistic dynamic traffic assignment with signal control, time-scale, and emission",https://www.tandfonline.com/doi/full/10.1080/15472450.2017.1413981,"Kamonthep Tiaprasert,Yunlong Zhang,Xin Ye"
2018-22-6,How accurate is your travel time reliability??€?Measuring accuracy using bootstrapping and lognormal mixture models,https://www.tandfonline.com/doi/full/10.1080/15472450.2017.1421075,"Peng Chen,Weiliang Zeng,Min Chen,Guizhen Yu,Yunpeng Wang"
2018-22-6,A fuzzy logic based transport mode detection framework in urban environment,https://www.tandfonline.com/doi/full/10.1080/15472450.2018.1436968,"Lu??s Conde Bento,Ricardo Parafita,Hesham A. Rakha,Urbano J. Nunes"
2018-22-6,Estimating traffic conditions from smart work zone systems,https://www.tandfonline.com/doi/full/10.1080/15472450.2018.1438274,"Seyed Omid Mousavizadeh Kashi,Meisam Akbarzadeh"
2018-22-6,A multi-objective optimization approach to the location of road weather information system in New York State,https://www.tandfonline.com/doi/full/10.1080/15472450.2018.1439389,"Hamid Reza Eftekhari,Mehdi Ghatee"
2018-22-6,Comparison of vehicle re-identification models for trucks based on axle spacing measurements,https://www.tandfonline.com/doi/full/10.1080/15472450.2018.1441027,"Biao Yu,Lin Dong,Deyi Xue,Hui Zhu,Xinli Geng,Ruling Huang,Jie Wang"
2018-22-6,Using trajectory data to explore roadway characterization for bikeshare network,https://www.tandfonline.com/doi/full/10.1080/15472450.2018.1444484,"Zhengbing He,Jia Hu,B. Brian Park,Michael W. Levin"
2018-22-6,Investigation of stochastic variation of parameters for a macroscopic traffic model,https://www.tandfonline.com/doi/full/10.1080/15472450.2018.1444485,"Vesal Ahsani,Mostafa Amin-Naseri,Skylar Knickerbocker,Anuj Sharma"
2019-23-1,Analyzing travel time reliability and its influential factors of emergency vehicles with generalized extreme value theory,https://www.tandfonline.com/doi/full/10.1080/15472450.2018.1473156,"Xiqun (Michael) Chen,Lingxiao Zhou,Li Li"
2019-23-1,Platoon recognition using connected vehicle technology,https://www.tandfonline.com/doi/full/10.1080/15472450.2018.1476146,"Xianbiao Hu,Yifei Yuan,Xiaoyu Zhu,Hong Yang,Kun Xie"
2019-23-1,Modeling arterial travel time distribution by accounting for link correlations: a copula-based approach,https://www.tandfonline.com/doi/full/10.1080/15472450.2018.1484738,"Geqi Qi,Wei Guan,Xucheng Li,Nick Hounsell,Neville A. Stanton"
2019-23-1,A study of the environmental impacts of intelligent automated vehicle control at intersections via V2V and V2I communications,https://www.tandfonline.com/doi/full/10.1080/15472450.2018.1501272,"Li Kuang,Han Yan,Yujia Zhu,Shenmei Tu,Xiaoliang Fan"
2019-23-1,A framework for short-term traffic flow forecasting using the combination of wavelet transformation and artificial neural networks,https://www.tandfonline.com/doi/full/10.1080/15472450.2018.1493929,"Zhuang Dai,Xiaolei Ma,Xi Chen"
2019-23-1,A similarity-based neuro-fuzzy modeling for driving behavior recognition applying fusion of smartphone sensors,https://www.tandfonline.com/doi/full/10.1080/15472450.2018.1506338,"Zhiqiang Zhai,Guohua Song,Ying Liu,Ying Cheng,Weinan He,Lei Yu"
2019-23-1,A hybrid dead reckoning error correction scheme based on extended Kalman filter and map matching for vehicle self-localization,https://www.tandfonline.com/doi/full/10.1080/15472450.2018.1527693,"Mohammad Tamannaei,Iman Irandoost"
2019-23-2,"Vehicle sensor data-based transportation research: Modeling, analysis, and management",https://www.tandfonline.com/doi/full/10.1080/15472450.2019.1586335,"Carl H. H??ll,Avishai (Avi) Ceder,Joakim Ekstr??m,Nils-Hassan Quttineh"
2019-23-2,"Quantitative analysis of probe data characteristics: Coverage, speed bias and congestion detection precision",https://www.tandfonline.com/doi/full/10.1080/15472450.2018.1502667,"Zhichao Cao,Avishai (Avi) Ceder,Dewei Li,Silin Zhang"
2019-23-2,Bayesian network for red-light-running prediction at signalized intersections,https://www.tandfonline.com/doi/full/10.1080/15472450.2018.1486192,"Eby Lukose,Michael W. Levin,Stephen D. Boyles"
2019-23-2,Behavioral responses to pre-planned road capacity reduction based on smartphone GPS trajectory data: A functional data analysis approach,https://www.tandfonline.com/doi/full/10.1080/15472450.2018.1488133,"Khanh T. P. Nguyen,Julie Beugin,Marion Berbineau,Juliette Marais"
2019-23-2,Vehicle sensor data-based analysis on the driving style differences between operating indoor simulator and on-road instrumented vehicle,https://www.tandfonline.com/doi/full/10.1080/15472450.2018.1525534,"Haengju Lee,Saerona Choi,Hojin Jung,Byungkyu Brian Park,Sang H. Son"
2019-23-2,Predicting duration of traffic accidents based on cost-sensitive Bayesian network and weighted K-nearest neighbor,https://www.tandfonline.com/doi/full/10.1080/15472450.2018.1536978,"Yan Li,Kourosh Khoshelham,Majid Sarvi,Milad Haghani"
2019-23-2,Bus travel time modelling using GPS probe and smart card data: A probabilistic approach considering link travel time and station dwell time,https://www.tandfonline.com/doi/full/10.1080/15472450.2018.1470932,"Meiyu Liu,Jing Shi"
2019-23-2,"Characteristics of operating mode distributions of light duty vehicles by road type, average speed, and driver type for estimating on-road emissions: Case study of Beijing",https://www.tandfonline.com/doi/full/10.1080/15472450.2018.1528447,"Wade Genders,Saiedeh Razavi"
2019-23-3,"Carpooling problem: A new mathematical model, branch-and-bound, and heuristic beam search algorithm",https://www.tandfonline.com/doi/full/10.1080/15472450.2018.1484739,"Jacqueline Arriagada,Antonio Gschwender,Marcela A. Munizaga,Martin Tr??panier"
2019-23-3,Adjustments of public transit operations planning process for the use of electric buses,https://www.tandfonline.com/doi/full/10.1080/15472450.2018.1488131,Warren S. Vaz
2019-23-3,Optimal synchronization and coordination of actual passenger-rail timetables,https://www.tandfonline.com/doi/full/10.1080/15472450.2018.1488132,"Mingtao Xu,Kun An,Le Hai Vu,Zhirui Ye,Jiaxiao Feng,Enhui Chen"
2019-23-3,Incorporating insights from signal optimization into reservation-based intersection controls,https://www.tandfonline.com/doi/full/10.1080/15472450.2018.1519706,"Xiang Li,Jian-Qiao Sun"
2019-23-3,Application of fuzzy theory for identifying the required availability of an autonomous localization unit in European Train Control System,https://www.tandfonline.com/doi/full/10.1080/15472450.2018.1525533,"Majid Hadavi,Yousef Shafahi"
2019-23-3,A route guidance system considering travel time unreliability,https://www.tandfonline.com/doi/full/10.1080/15472450.2018.1542303,"Juanyu Tang,Yi Zhu,Yizhe Huang,Zhong-Ren Peng,Zhanyong Wang"
2019-23-3,Direct generation of level of service maps from images using convolutional and long short-term memory networks,https://www.tandfonline.com/doi/full/10.1080/15472450.2018.1563865,"Eleni G. Mantouka,Emmanouil N. Barmpounakis,Christina P. Milioti,Eleni I. Vlahogianni"
2019-23-4,A cellular automata traffic flow model combined with a BP neural network based microscopic lane changing decision model,https://www.tandfonline.com/doi/full/10.1080/15472450.2018.1462176,"John Khoury,Joud Khoury,Germain Zouein,Jean-Paul Arnaout"
2019-23-4,Asynchronous n-step Q-learning adaptive traffic signal control,https://www.tandfonline.com/doi/full/10.1080/15472450.2018.1491003,"Wanli Dong,Yunpeng Wang,Haiyang Yu"
2019-23-4,Modeling bus bunching using massive location and fare collection data,https://www.tandfonline.com/doi/full/10.1080/15472450.2018.1494596,David J. Lovell
2019-23-4,Intersection traffic energy management system (ITEMS): formulation and validation,https://www.tandfonline.com/doi/full/10.1080/15472450.2018.1496428,"Luthful Alahi Kawsar,Noraida Abdul Ghani,Anton Abdulbasah Kamil,Adli Mustafa"
2019-23-4,Optimizing multi-agent based urban traffic signal control system,https://www.tandfonline.com/doi/full/10.1080/15472450.2018.1501273,"Williams Ackaah,Klaus Bogenberger,Robert L. Bertini"
2019-23-4,Multi-objective optimal predictive control of signals in urban traffic network,https://www.tandfonline.com/doi/full/10.1080/15472450.2018.1504294,"Biao Xu,Xiaolong Chen,Keqiang Li,Manjiang Hu,Yougang Bian,Qianwen Yu,Jianqiang Wang"
2019-23-4,Vehicle identification sensors location problem for large networks,https://www.tandfonline.com/doi/full/10.1080/15472450.2018.1506339,"Han Yang,Peter J. Jin,Bin Ran,Dongyuan Yang,Zhengyu Duan,Linghui He"
2019-23-4,Identification and interpretation of spatial?€?temporal mismatch between taxi demand and supply using global positioning system data,https://www.tandfonline.com/doi/full/10.1080/15472450.2018.1518137,"Huajun Chai,Rui Ma,H. Michael Zhang"
2019-23-5,Gamification in mobile applications: The case of airports,https://www.tandfonline.com/doi/full/10.1080/15472450.2018.1473157,"Bai Li,Ning Jia,Pu Li,Xudong Ran,Yan Li"
2019-23-5,A practical decentralized access protocol for autonomous vehicles at isolated under-saturated intersections,https://www.tandfonline.com/doi/full/10.1080/15472450.2018.1536859,"Wensi Wang,Zhihui Tian,Kewang Li,Bin Yu"
2019-23-5,An identification model of critical control sub-regions based on macroscopic fundamental diagram theory,https://www.tandfonline.com/doi/full/10.1080/15472450.2018.1557524,"Gon??alo Gon??alves Duarte Santos,Gon??alo Homem de Almeida Correia"
2019-23-5,Kinematics-enabled lossless compression of freeway and arterial vehicle trajectories,https://www.tandfonline.com/doi/full/10.1080/15472450.2018.1560280,"Linchao Li,Xu Qu,Jian Zhang,Yonggang Wang,Bin Ran"
2019-23-5,Optimization based controlled evacuation,https://www.tandfonline.com/doi/full/10.1080/15472450.2018.1562348,"Xiangfu Kong,Jiawen Yang"
2019-23-5,Empirical evaluation of real-time traffic information for in-vehicle navigation and the variable speed limit system,https://www.tandfonline.com/doi/full/10.1080/15472450.2018.1563864,"Ming Xu,Jianping Wu,Ling Huang,Rui Zhou,Tian Wang,Dongmei Hu"
2019-23-5,Double-layer speed optimization for reducing fuel consumption with vehicle-to-infrastructure communication,https://www.tandfonline.com/doi/full/10.1080/15472450.2019.1578565,"Jun Liu,Asad Khattak"
2019-23-6,Freeway traffic state estimation: A Lagrangian-space Kalman filter approach,https://www.tandfonline.com/doi/full/10.1080/15472450.2018.1476147,"Huiying Zhao,Dalin Qian,Ying Lv,Bo Zhang,Rongyu Liang"
2019-23-6,Search for parking: A dynamic parking and route guidance system for efficient parking and traffic management,https://www.tandfonline.com/doi/full/10.1080/15472450.2018.1488218,"Adrian Sandt,Haitham Al-Deek"
2019-23-6,Incrementally constrained dynamic optimization: A computational framework for lane change motion planning of connected and automated vehicles,https://www.tandfonline.com/doi/full/10.1080/15472450.2018.1562349,"Yanni Yang,Meng Li,Jiaying Yu,Fang He"
2019-23-6,Real-time short turning strategy based on passenger choice behavior,https://www.tandfonline.com/doi/full/10.1080/15472450.2019.1573366,"Zhenyu Mei,Wei Zhang,Lihui Zhang,Dianhai Wang"
2019-23-6,Finding the relevance of staff-based vehicle relocations in one-way carsharing systems through the use of a simulation-based optimization tool,https://www.tandfonline.com/doi/full/10.1080/15472450.2019.1578108,"Pangwei Wang,Yilun Jiang,Lin Xiao,Yi Zhao,Yinghong Li"
2019-23-6,Traffic speed prediction for intelligent transportation system based on a deep feature fusion model,https://www.tandfonline.com/doi/full/10.1080/15472450.2019.1583965,"Altan Onat,Petr Voltr"
2019-23-6,A scenario-based map-matching algorithm for complex urban road network,https://www.tandfonline.com/doi/full/10.1080/15472450.2019.1586543,"Che-Ming Chen,Chia-Ching Liang,Chih-Peng Chu"
2020-24-1,Network-wide traffic signal control based on the discovery of critical nodes and deep reinforcement learning,https://www.tandfonline.com/doi/full/10.1080/15472450.2018.1527694,"Xingbin Zhan,Shuaichao Zhang,Wai Yuen Szeto,Xiqun (Michael) Chen"
2020-24-1,Informed decision-making by integrating historical on-road driving performance data in high-resolution maps for connected and automated vehicles,https://www.tandfonline.com/doi/full/10.1080/15472450.2019.1699076,"Chengcheng Wang,Zhongzhi Xu,Ronghua Du,Haifeng Li,Pu Wang"
2020-24-1,Development of a global positioning system data-based trip-purpose inference method for hazardous materials transportation management,https://www.tandfonline.com/doi/full/10.1080/15472450.2019.1615487,"Zulqarnain H. Khattak,Mark J. Magalotti,Michael D. Fontaine"
2020-24-1,An optimization approach for deployment of intelligent transportation systems wrong-way driving countermeasures,https://www.tandfonline.com/doi/full/10.1080/15472450.2019.1677160,"Majid Bayat,Mostafa Barmshoory,S. Morteza Pournaghi,Majid Rahimi,Yaghoub Farjami,Mohammad Reza Aref"
2020-24-1,"Expressway bottleneck pattern identification using traffic big data?€?The case of ring roads in Beijing, China",https://www.tandfonline.com/doi/full/10.1080/15472450.2019.1579091,"Zhihong Yao,Yangsheng Jiang,Bin Zhao,Xiaoling Luo,Bo Peng"
2020-24-1,Real-time multistep prediction of public parking spaces based on Fourier transform?€?least squares support vector regression,https://www.tandfonline.com/doi/full/10.1080/15472450.2019.1579092,"Sarah Hernandez,Kyung (Kate) Hyun"
2020-24-1,A joint control model for connected vehicle platoon and arterial signal coordination,https://www.tandfonline.com/doi/full/10.1080/15472450.2019.1579093,"Gwanggil Jeon,Marco Anisetti,Yong Fang"
2020-24-1,Velocity measurement-based friction estimation for railway vehicles running on adhesion limit: swarm intelligence-based multiple models approach,https://www.tandfonline.com/doi/full/10.1080/15472450.2018.1542305,"Zhou Bin,Yuhao Yao,Xiao Liu,Rongbo Zhu,Arun Kumar Sangaiah,Maode Ma"
2020-24-1,Correction,https://www.tandfonline.com/doi/full/10.1080/15472450.2019.1676957,"Zhongjiang Yan,Bo Li,Qianqian Li,Mao Yang"
2020-24-2,Long-term travel time prediction using gradient boosting,https://www.tandfonline.com/doi/full/10.1080/15472450.2018.1542304,"Qilei Li,Wei Wu,Lu Lu,Zuoyong Li,Awais Ahmad,Gwanggil Jeon"
2020-24-2,Multi-step-ahead traffic speed forecasting using multi-output gradient boosting regression tree,https://www.tandfonline.com/doi/full/10.1080/15472450.2019.1582950,"Mohammad A. Hoque,Jackeline Rios-Torres,Ramin Arvin,Asad Khattak,Salman Ahmed"
2020-24-2,A vehicle routing model based on large-scale radio frequency identification data,https://www.tandfonline.com/doi/full/10.1080/15472450.2019.1598863,"Hua Cui,Gege Yuan,Ni Liu,Mingyuan Xu,Huansheng Song"
2020-24-2,Operational performance evaluation of adaptive traffic control systems: A Bayesian modeling approach using real-world GPS and private sector PROBE data,https://www.tandfonline.com/doi/full/10.1080/15472450.2019.1614445,"Jingyue Chen,Xiaomin Yang,Lu Lu,Qilei Li,Zuoyong Li,Wei Wu"
2020-24-2,A new and efficient authentication scheme for vehicular ad hoc networks,https://www.tandfonline.com/doi/full/10.1080/15472450.2019.1625042,"Dandan Ding,Junchao Tong,Lingyi Kong"
2020-24-2,A dynamic optimization method for adaptive signal control in a connected vehicle environment,https://www.tandfonline.com/doi/full/10.1080/15472450.2019.1643723,"Md Imrul Kayes,Haitham Al-Deek,Adrian Sandt"
2020-24-2,Fusion of weigh-in-motion and global positioning system data to estimate truck weight distributions at traffic count sites,https://www.tandfonline.com/doi/full/10.1080/15472450.2019.1659793,"Giuseppe C. Calafiore,Marco Ghirardi,Alessandro Rizzo"
2020-24-3,Special issue on dense surveillance systems for urban traffic,https://www.tandfonline.com/doi/full/10.1080/15472450.2020.1756059,"Sanhita Das,Akhilesh Kumar Maurya"
2020-24-3,Storage and access optimization scheme based on correlation probabilities in the internet of vehicles,https://www.tandfonline.com/doi/full/10.1080/15472450.2019.1612247,"Christina A. Iliopoulou,Christina P. Milioti,Eleni I. Vlahogianni,Konstantinos L. Kepaptsoglou"
2020-24-3,An efficient multiple access control protocol for directional dense urban traffic surveillance system,https://www.tandfonline.com/doi/full/10.1080/15472450.2019.1652826,"Meng Li,Xuan Di,Henry X. Liu,Hai-Jun Huang"
2020-24-3,Infrared and visible images fusion by using sparse representation and guided filter,https://www.tandfonline.com/doi/full/10.1080/15472450.2019.1643725,"Nima Hoseinzadeh,Ramin Arvin,Asad J. Khattak,Lee D. Han"
2020-24-3,The extent of reliability for vehicle-to-vehicle communication in safety critical applications: an experimental study,https://www.tandfonline.com/doi/full/10.1080/15472450.2020.1721289,"Harith Abdulsattar,Alireza Mostafizi,Mohammad R. K. Siam,Haizhong Wang"
2020-24-3,Convolutional neural network for recognizing highway traffic congestion,https://www.tandfonline.com/doi/full/10.1080/15472450.2020.1742121,"Yan Li,Majid Sarvi,Kourosh Khoshelham,Milad Haghani"
2020-24-3,A Novel Infrared Image Enhancement Based on Correlation Measurement of Visible Image for Urban Traffic Surveillance Systems,https://www.tandfonline.com/doi/full/10.1080/15472450.2019.1642753,"Chaopeng Tan,Lei Liu,Hao Wu,Yumin Cao,Keshuang Tang"
2020-24-3,A deep learning approach for quality enhancement of surveillance video,https://www.tandfonline.com/doi/full/10.1080/15472450.2019.1670659,"Jianqing Wu,Hao Xu,Yuan Tian,Yongsheng Zhang,Junxuan Zhao,Bin Lv"
2020-24-4,Comparison of two intelligent transportation systems Wrong-Way driving countermeasures currently deployed on Florida toll roads,https://www.tandfonline.com/doi/full/10.1080/15472450.2019.1638782,"Hua Wang,Wei Quan,Washington Yotto Ochieng"
2020-24-4,Robust dynamic traffic assignment for single destination networks under demand and capacity uncertainty,https://www.tandfonline.com/doi/full/10.1080/15472450.2019.1638780,"Yina Wu,Mohamed Abdel-Aty,Ling Wang,Md Sharikur Rahman"
2020-24-4,Pore acceptance predictions of motorised Two-Wheelers during filtering at urban Mid-Block sections,https://www.tandfonline.com/doi/full/10.1080/15472450.2020.1735385,"Sara El Hamdani,Nabil Benamar,Mohmed Younis"
